task,fold,scope,ticker,train_rows,train_assets,max_target_end_date,test_start,purge_valid,confirmation_rows_in_fit
regression,1,global,__POOLED__,9129,10,2021-10-06,2021-10-07,True,0
regression,1,local,BBAS3.SA,907,1,2021-10-06,2021-10-07,True,907
regression,1,local,ABEV3.SA,907,1,2021-10-06,2021-10-07,True,907
regression,1,local,AXIA3.SA,907,1,2021-10-06,2021-10-07,True,907
regression,1,local,SUZB3.SA,907,1,2021-10-06,2021-10-07,True,907
regression,1,local,RENT3.SA,907,1,2021-10-06,2021-10-07,True,907
regression,1,local,GOOGL,923,1,2021-10-06,2021-10-07,True,923
regression,1,local,AMZN,923,1,2021-10-06,2021-10-07,True,923
regression,1,local,META,923,1,2021-10-06,2021-10-07,True,923
regression,1,local,XOM,923,1,2021-10-06,2021-10-07,True,923
regression,1,local,UNH,923,1,2021-10-06,2021-10-07,True,923
regression,2,global,__POOLED__,11569,10,2022-09-27,2022-09-28,True,0
regression,2,local,BBAS3.SA,1149,1,2022-09-27,2022-09-28,True,1149
regression,2,local,ABEV3.SA,1150,1,2022-09-27,2022-09-28,True,1150
regression,2,local,AXIA3.SA,1149,1,2022-09-27,2022-09-28,True,1149
regression,2,local,SUZB3.SA,1150,1,2022-09-27,2022-09-28,True,1150
regression,2,local,RENT3.SA,1150,1,2022-09-27,2022-09-28,True,1150
regression,2,local,GOOGL,1168,1,2022-09-27,2022-09-28,True,1168
regression,2,local,AMZN,1168,1,2022-09-27,2022-09-28,True,1168
regression,2,local,META,1168,1,2022-09-27,2022-09-28,True,1168
regression,2,local,XOM,1168,1,2022-09-27,2022-09-28,True,1168
regression,2,local,UNH,1168,1,2022-09-27,2022-09-28,True,1168
regression,3,global,__POOLED__,14003,10,2023-09-18,2023-09-19,True,0
regression,3,local,BBAS3.SA,1391,1,2023-09-18,2023-09-19,True,1391
regression,3,local,ABEV3.SA,1393,1,2023-09-18,2023-09-19,True,1393
regression,3,local,AXIA3.SA,1392,1,2023-09-18,2023-09-19,True,1392
regression,3,local,SUZB3.SA,1393,1,2023-09-18,2023-09-19,True,1393
regression,3,local,RENT3.SA,1393,1,2023-09-18,2023-09-19,True,1393
regression,3,local,GOOGL,1412,1,2023-09-18,2023-09-19,True,1412
regression,3,local,AMZN,1412,1,2023-09-18,2023-09-19,True,1412
regression,3,local,META,1412,1,2023-09-18,2023-09-19,True,1412
regression,3,local,XOM,1412,1,2023-09-18,2023-09-19,True,1412
regression,3,local,UNH,1412,1,2023-09-18,2023-09-19,True,1412
regression,4,global,__POOLED__,16447,10,2024-09-09,2024-09-10,True,0
regression,4,local,BBAS3.SA,1634,1,2024-09-09,2024-09-10,True,1634
regression,4,local,ABEV3.SA,1637,1,2024-09-09,2024-09-10,True,1637
regression,4,local,AXIA3.SA,1636,1,2024-09-09,2024-09-10,True,1636
regression,4,local,SUZB3.SA,1637,1,2024-09-09,2024-09-10,True,1637
regression,4,local,RENT3.SA,1637,1,2024-09-09,2024-09-10,True,1637
regression,4,local,GOOGL,1657,1,2024-09-09,2024-09-10,True,1657
regression,4,local,AMZN,1657,1,2024-09-09,2024-09-10,True,1657
regression,4,local,META,1657,1,2024-09-09,2024-09-10,True,1657
regression,4,local,XOM,1657,1,2024-09-09,2024-09-10,True,1657
regression,4,local,UNH,1657,1,2024-09-09,2024-09-10,True,1657
regression,5,global,__POOLED__,18892,10,2025-09-02,2025-09-03,True,0
regression,5,local,BBAS3.SA,1878,1,2025-09-02,2025-09-03,True,1878
regression,5,local,ABEV3.SA,1881,1,2025-09-02,2025-09-03,True,1881
regression,5,local,AXIA3.SA,1880,1,2025-09-02,2025-09-03,True,1880
regression,5,local,SUZB3.SA,1881,1,2025-09-02,2025-09-03,True,1881
regression,5,local,RENT3.SA,1881,1,2025-09-02,2025-09-03,True,1881
regression,5,local,GOOGL,1902,1,2025-09-02,2025-09-03,True,1902
regression,5,local,AMZN,1902,1,2025-09-02,2025-09-03,True,1902
regression,5,local,META,1902,1,2025-09-02,2025-09-03,True,1902
regression,5,local,XOM,1902,1,2025-09-02,2025-09-03,True,1902
regression,5,local,UNH,1902,1,2025-09-02,2025-09-03,True,1902
classification,1,global,__POOLED__,9129,10,2021-10-06,2021-10-07,True,0
classification,1,local,BBAS3.SA,907,1,2021-10-06,2021-10-07,True,907
classification,1,local,ABEV3.SA,907,1,2021-10-06,2021-10-07,True,907
classification,1,local,AXIA3.SA,907,1,2021-10-06,2021-10-07,True,907
classification,1,local,SUZB3.SA,907,1,2021-10-06,2021-10-07,True,907
classification,1,local,RENT3.SA,907,1,2021-10-06,2021-10-07,True,907
classification,1,local,GOOGL,923,1,2021-10-06,2021-10-07,True,923
classification,1,local,AMZN,923,1,2021-10-06,2021-10-07,True,923
classification,1,local,META,923,1,2021-10-06,2021-10-07,True,923
classification,1,local,XOM,923,1,2021-10-06,2021-10-07,True,923
classification,1,local,UNH,923,1,2021-10-06,2021-10-07,True,923
classification,2,global,__POOLED__,11569,10,2022-09-27,2022-09-28,True,0
classification,2,local,BBAS3.SA,1149,1,2022-09-27,2022-09-28,True,1149
classification,2,local,ABEV3.SA,1150,1,2022-09-27,2022-09-28,True,1150
classification,2,local,AXIA3.SA,1149,1,2022-09-27,2022-09-28,True,1149
classification,2,local,SUZB3.SA,1150,1,2022-09-27,2022-09-28,True,1150
classification,2,local,RENT3.SA,1150,1,2022-09-27,2022-09-28,True,1150
classification,2,local,GOOGL,1168,1,2022-09-27,2022-09-28,True,1168
classification,2,local,AMZN,1168,1,2022-09-27,2022-09-28,True,1168
classification,2,local,META,1168,1,2022-09-27,2022-09-28,True,1168
classification,2,local,XOM,1168,1,2022-09-27,2022-09-28,True,1168
classification,2,local,UNH,1168,1,2022-09-27,2022-09-28,True,1168
classification,3,global,__POOLED__,14003,10,2023-09-18,2023-09-19,True,0
classification,3,local,BBAS3.SA,1391,1,2023-09-18,2023-09-19,True,1391
classification,3,local,ABEV3.SA,1393,1,2023-09-18,2023-09-19,True,1393
classification,3,local,AXIA3.SA,1392,1,2023-09-18,2023-09-19,True,1392
classification,3,local,SUZB3.SA,1393,1,2023-09-18,2023-09-19,True,1393
classification,3,local,RENT3.SA,1393,1,2023-09-18,2023-09-19,True,1393
classification,3,local,GOOGL,1412,1,2023-09-18,2023-09-19,True,1412
classification,3,local,AMZN,1412,1,2023-09-18,2023-09-19,True,1412
classification,3,local,META,1412,1,2023-09-18,2023-09-19,True,1412
classification,3,local,XOM,1412,1,2023-09-18,2023-09-19,True,1412
classification,3,local,UNH,1412,1,2023-09-18,2023-09-19,True,1412
classification,4,global,__POOLED__,16447,10,2024-09-09,2024-09-10,True,0
classification,4,local,BBAS3.SA,1634,1,2024-09-09,2024-09-10,True,1634
classification,4,local,ABEV3.SA,1637,1,2024-09-09,2024-09-10,True,1637
classification,4,local,AXIA3.SA,1636,1,2024-09-09,2024-09-10,True,1636
classification,4,local,SUZB3.SA,1637,1,2024-09-09,2024-09-10,True,1637
classification,4,local,RENT3.SA,1637,1,2024-09-09,2024-09-10,True,1637
classification,4,local,GOOGL,1657,1,2024-09-09,2024-09-10,True,1657
classification,4,local,AMZN,1657,1,2024-09-09,2024-09-10,True,1657
classification,4,local,META,1657,1,2024-09-09,2024-09-10,True,1657
classification,4,local,XOM,1657,1,2024-09-09,2024-09-10,True,1657
classification,4,local,UNH,1657,1,2024-09-09,2024-09-10,True,1657
classification,5,global,__POOLED__,18892,10,2025-09-02,2025-09-03,True,0
classification,5,local,BBAS3.SA,1878,1,2025-09-02,2025-09-03,True,1878
classification,5,local,ABEV3.SA,1881,1,2025-09-02,2025-09-03,True,1881
classification,5,local,AXIA3.SA,1880,1,2025-09-02,2025-09-03,True,1880
classification,5,local,SUZB3.SA,1881,1,2025-09-02,2025-09-03,True,1881
classification,5,local,RENT3.SA,1881,1,2025-09-02,2025-09-03,True,1881
classification,5,local,GOOGL,1902,1,2025-09-02,2025-09-03,True,1902
classification,5,local,AMZN,1902,1,2025-09-02,2025-09-03,True,1902
classification,5,local,META,1902,1,2025-09-02,2025-09-03,True,1902
classification,5,local,XOM,1902,1,2025-09-02,2025-09-03,True,1902
classification,5,local,UNH,1902,1,2025-09-02,2025-09-03,True,1902
