ticker,task,horizon,local_model,global_model,n,local_primary,global_primary,global_improvement_vs_local_pct,local_rmse,local_mae,local_directional_accuracy,global_rmse,global_mae,global_directional_accuracy,criterion,statistic,pvalue_two_sided,pvalue_global_better,hac_lags,qvalue_global_better,local_log_loss,local_brier,local_accuracy,global_log_loss,global_brier,global_accuracy
AAPL,regression,1,ridge,ridge,1226,0.017976839748992973,0.017923333469010944,0.29764007872977916,0.017976839748992973,0.012767325221939444,0.5138662316476346,0.017923333469010944,0.012685642474373014,0.499184339314845,mse,-0.960568075860149,0.3367693867436987,0.16838469337184936,1,0.250711145666685,,,,,,
BOVA11.SA,regression,1,ridge,ridge,1218,0.011715626224246274,0.011555803910707067,1.3641807145438303,0.011715626224246274,0.008906337529808671,0.48686371100164205,0.011555803910707067,0.00877426040979846,0.5139573070607554,mse,-3.6412296609410384,0.0002713389496173946,0.0001356694748087528,1,0.000678347374043764,,,,,,
ITUB4.SA,regression,1,ridge,ridge,1220,0.014907945814216502,0.014868761328410036,0.26284295834439214,0.014907945814216502,0.01135740747508733,0.49836065573770494,0.014868761328410036,0.011299616389215261,0.48032786885245904,mse,-0.935237474324267,0.34966592999080737,0.17483296499540363,1,0.250711145666685,,,,,,
JPM,regression,1,ridge,ridge,1225,0.015761116804263932,0.01554739692733803,1.3559944995019793,0.015761116804263932,0.01126461569689742,0.5289795918367347,0.01554739692733803,0.011066851411214438,0.5257142857142857,mse,-2.819968791450783,0.0048028320281225945,0.0024014160140612972,1,0.008004720046870991,,,,,,
MSFT,regression,1,ridge,ridge,1226,0.018562044685656844,0.017995772663758364,3.050698516721305,0.018562044685656844,0.01322098090879805,0.5163132137030995,0.017995772663758364,0.012792878263477758,0.48613376835236544,mse,-4.071047427665483,4.680221844033383e-05,2.3401109220222427e-05,1,0.00023401109220222427,,,,,,
NVDA,regression,1,ridge,ridge,1226,0.03313514584023694,0.03311602482641182,0.05770614053522397,0.03313514584023694,0.02445322346640025,0.5195758564437194,0.03311602482641182,0.024444394922498166,0.5236541598694943,mse,-0.19485397978949456,0.8455072623498425,0.42275363117492126,1,0.5284420389686516,,,,,,
PETR4.SA,regression,1,ridge,ridge,1220,0.020040033082296464,0.02008791238077261,-0.23891826066117738,0.020040033082296464,0.014496215304444712,0.5,0.02008791238077261,0.014548378472628775,0.49098360655737705,mse,0.6575435399632473,0.5108314845309898,0.7445842577345051,1,0.7445842577345051,,,,,,
SPY,regression,1,ridge,ridge,1226,0.011097247210288342,0.010980446525037081,1.0525194495349592,0.011097247210288342,0.007962121243315105,0.5073409461663948,0.010980446525037081,0.007780027565750754,0.5130505709624796,mse,-1.1636369608663828,0.24457116619867048,0.12228558309933518,1,0.250711145666685,,,,,,
VALE3.SA,regression,1,ridge,ridge,1219,0.01863475841751107,0.01856894536440293,0.3531736319494909,0.01863475841751107,0.01360217234579445,0.5102543068088597,0.01856894536440293,0.013606305369133551,0.5004101722723544,mse,-0.9326598834021875,0.35099560393335905,0.17549780196667952,1,0.250711145666685,,,,,,
WEGE3.SA,regression,1,ridge,ridge,1219,0.019082943155125813,0.019083771054793957,-0.004338427575945184,0.019082943155125813,0.01348603723140942,0.5020508613617719,0.019083771054793957,0.013534518471840716,0.5028712059064807,mse,0.010923712756328093,0.9912843115823107,0.5043578442088447,1,0.5603976046764941,,,,,,
AAPL,classification,1,logistic,logistic,1226,0.6980519828486674,0.6940239848648514,0.5770341010103934,,,,,,,log_loss,-2.5177327036298394,0.011811291846798966,0.005905645923399538,1,0.029528229616997692,0.6980519828486674,0.252404937985322,0.5089722675367048,0.6940239848648514,0.25043305923136383,0.5130505709624796
BOVA11.SA,classification,1,logistic,logistic,1218,0.6967299234728033,0.6933810490773936,0.48065603077838437,,,,,,,log_loss,-1.9291852181681335,0.05370787258226439,0.026853936291132252,1,0.06713484072783063,0.6967299234728033,0.25176133714428656,0.49589490968801314,0.6933810490773936,0.25011465649577025,0.5073891625615764
ITUB4.SA,classification,1,logistic,logistic,1220,0.7008491102682951,0.6956451250702411,0.742525762223173,,,,,,,log_loss,-1.5906722610673842,0.11168335270767438,0.05584167635383713,1,0.11168335270767427,0.7008491102682951,0.25381478630386883,0.5016393442622951,0.6956451250702411,0.2512415741228171,0.5081967213114754
JPM,classification,1,logistic,logistic,1225,0.6971475487027035,0.6927435493680263,0.6317169647763101,,,,,,,log_loss,-2.2909388282687653,0.02196695188012221,0.01098347594006116,1,0.03661158646687054,0.6971475487027035,0.25198142604759854,0.49142857142857144,0.6927435493680263,0.24978716841872808,0.5240816326530612
MSFT,classification,1,logistic,logistic,1226,0.7075282872396281,0.6950121160682842,1.7689994021546362,,,,,,,log_loss,-3.8231780985591803,0.00013174254947312392,6.587127473656196e-05,1,0.0006587127473656196,0.7075282872396281,0.2567575996909822,0.5040783034257749,0.6950121160682842,0.25091879394277317,0.49592169657422513
NVDA,classification,1,logistic,logistic,1226,0.6963150762752671,0.6951091368319734,0.17318875956909377,,,,,,,log_loss,-0.4596936182370825,0.6457361508750232,0.3228680754375116,1,0.4612401077678737,0.6963150762752671,0.2514419349040102,0.5220228384991843,0.6951091368319734,0.2508820761113894,0.5252854812398042
PETR4.SA,classification,1,logistic,logistic,1220,0.6920287839674705,0.6931050681984805,-0.1555259341727929,,,,,,,log_loss,0.5138368360254457,0.6073660716129416,0.6963169641935292,1,0.773685515770588,0.6920287839674705,0.2494284700426399,0.521311475409836,0.6931050681984805,0.2499798260316256,0.5188524590163934
SPY,classification,1,logistic,logistic,1226,0.6943212597543191,0.691784275701204,0.3653905187942513,,,,,,,log_loss,-1.1966739117509084,0.23143367930338998,0.11571683965169505,1,0.19286139941949174,0.6943212597543191,0.25052900876194406,0.5415986949429038,0.691784275701204,0.2493152744435193,0.5424143556280587
VALE3.SA,classification,1,logistic,logistic,1219,0.6916525144105229,0.6967190569284883,-0.7325271595786124,,,,,,,log_loss,2.2066319219419985,0.02733978491012401,0.986330107544938,1,0.986330107544938,0.6916525144105229,0.24923938272538815,0.5242001640689089,0.6967190569284883,0.2517623810634584,0.4913863822805578
WEGE3.SA,classification,1,logistic,logistic,1219,0.6961014390202878,0.6958562004062869,0.03523029838093521,,,,,,,log_loss,-0.10309471881786877,0.9178877964633654,0.45894389823168263,1,0.5736798727896033,0.6961014390202878,0.2514581901565123,0.5036915504511895,0.6958562004062869,0.2513478418574349,0.49876948318293685
AAPL,regression,5,ridge,ridge,1226,0.04001736678172834,0.03969703340476267,0.8004858958184501,0.04001736678172834,0.03085257165324288,0.5415986949429038,0.03969703340476267,0.030635710340730128,0.5538336052202284,mse,-1.6435925662371367,0.10026039050515134,0.050130195252575616,4,0.15839298091625076,,,,,,
BOVA11.SA,regression,5,ridge,ridge,1217,0.025827556350941094,0.02541728714452523,1.5884940907346647,0.025827556350941094,0.02005984978071178,0.4971240755957272,0.02541728714452523,0.019906245739532223,0.5012325390304027,mse,-3.0057366445777047,0.0026493835052878723,0.0013246917526439361,4,0.013246917526439361,,,,,,
ITUB4.SA,regression,5,ridge,ridge,1219,0.034534757042456274,0.03386335253601153,1.9441413924508888,0.034534757042456274,0.026547468712872526,0.49876948318293685,0.03386335253601153,0.026046476082494024,0.5406070549630845,mse,-2.449551103431855,0.014303441107751613,0.007151720553875807,4,0.03575860276937903,,,,,,
JPM,regression,5,ridge,ridge,1225,0.03496348890918804,0.03467502366397723,0.8250470825724889,0.03496348890918804,0.02648263476292692,0.5273469387755102,0.03467502366397723,0.02599542759947554,0.5787755102040816,mse,-1.0662704678838226,0.28630139536443133,0.14315069768221567,4,0.1971101622174111,,,,,,
MSFT,regression,5,ridge,ridge,1226,0.04012908647671871,0.03961868067439395,1.2719098467912489,0.04012908647671871,0.02994055753054924,0.5309951060358891,0.03961868067439395,0.029366613630889316,0.5399673735725938,mse,-1.489361908063231,0.13639209359542304,0.06819604679771152,4,0.15839298091625076,,,,,,
NVDA,regression,5,ridge,ridge,1226,0.07092819354874579,0.0702841046605934,0.9080858484147526,0.07092819354874579,0.055336030566857215,0.5587275693311582,0.0702841046605934,0.054824023468973575,0.5725938009787929,mse,-1.4104970024789385,0.15839298091625076,0.07919649045812538,4,0.15839298091625076,,,,,,
PETR4.SA,regression,5,ridge,ridge,1219,0.046905755305723267,0.04677646565678069,0.27563706862812737,0.046905755305723267,0.035483448105171816,0.538966365873667,0.04677646565678069,0.03558483776310037,0.5471698113207547,mse,-0.29949150308735845,0.7645650542447762,0.382282527122388,4,0.42475836346932,,,,,,
SPY,regression,5,ridge,ridge,1226,0.022989329007628824,0.022993708691242058,-0.019050941468456525,0.022989329007628824,0.017294805054377242,0.5415986949429038,0.022993708691242058,0.017199950213428843,0.5864600326264274,mse,0.01928015369540805,0.9846176160434841,0.507691191978258,4,0.507691191978258,,,,,,
VALE3.SA,regression,5,ridge,ridge,1218,0.04248828022364923,0.04220614418015219,0.6640326273784931,0.04248828022364923,0.03239687641123573,0.5262725779967159,0.04220614418015219,0.03219646382908756,0.5443349753694581,mse,-1.004004883855072,0.31537625954785775,0.15768812977392888,4,0.1971101622174111,,,,,,
WEGE3.SA,regression,5,ridge,ridge,1218,0.04262674511169031,0.04222242380063165,0.9485155622350644,0.04262674511169031,0.03318790874221574,0.4827586206896552,0.04222242380063165,0.03272521261609987,0.5,mse,-1.249238692489966,0.21157778391640703,0.10578889195820351,4,0.17631481993033918,,,,,,
AAPL,classification,5,logistic,logistic,1226,0.700810305631396,0.6905166490193694,1.468822094839566,,,,,,,log_loss,-1.9137572226052817,0.05565118368644195,0.027825591843220976,4,0.13912795921610488,0.700810305631396,0.25340314936113584,0.5424143556280587,0.6905166490193694,0.24865184615567354,0.5513866231647635
BOVA11.SA,classification,5,logistic,logistic,1217,0.6992285568344201,0.6990836411539386,0.02072508038538088,,,,,,,log_loss,-0.034507807508864036,0.9724722165658513,0.4862361082829256,4,0.4862361082829256,0.6992285568344201,0.25290035691290974,0.5225965488907148,0.6990836411539386,0.25292102732667593,0.5168447000821693
ITUB4.SA,classification,5,logistic,logistic,1219,0.6982037695505608,0.6910207323122728,1.0287880918935508,,,,,,,log_loss,-1.1745958495164635,0.2401564445983826,0.1200782222991913,4,0.2401564445983826,0.6982037695505608,0.25246450285916644,0.5094339622641509,0.6910207323122728,0.24890821537942254,0.5463494667760459
JPM,classification,5,logistic,logistic,1225,0.6917557758098685,0.6817118758518254,1.451943056967509,,,,,,,log_loss,-1.5629850733739472,0.11805610575754288,0.0590280528787715,4,0.16290784059300914,0.6917557758098685,0.24924666099103265,0.5453061224489796,0.6817118758518254,0.24427038657203143,0.5877551020408164
MSFT,classification,5,logistic,logistic,1226,0.7027423183764663,0.6887089869097531,1.9969384367137757,,,,,,,log_loss,-2.874249764455378,0.00404988553444996,0.00202494276722498,4,0.020249427672249798,0.7027423183764663,0.2541051375670068,0.5497553017944535,0.6887089869097531,0.24776908727698893,0.5562805872756933
NVDA,classification,5,logistic,logistic,1226,0.6917848450648664,0.6839289762758158,1.135594230647524,,,,,,,log_loss,-1.512816515574309,0.1303262724744072,0.06516313623720366,4,0.16290784059300914,0.6917848450648664,0.24922134137925478,0.5448613376835236,0.6839289762758158,0.24537555140671966,0.5774877650897227
PETR4.SA,classification,5,logistic,logistic,1219,0.6872582460595092,0.6867922916908166,0.06779902189086742,,,,,,,log_loss,-0.08026376978467958,0.9360274727377311,0.46801373636886556,4,0.4862361082829256,0.6872582460595092,0.24697537943610373,0.5529122231337161,0.6867922916908166,0.24681526050718408,0.5635767022149303
SPY,classification,5,logistic,logistic,1226,0.6833137357063673,0.6779444726143619,0.7857683537496961,,,,,,,log_loss,-0.8696593052870657,0.3844866176655448,0.19224330883277246,4,0.3204055147212874,0.6833137357063673,0.2448335554749401,0.5954323001631321,0.6779444726143619,0.2424226451146172,0.5938009787928222
VALE3.SA,classification,5,logistic,logistic,1218,0.695543279081501,0.6942451798769061,0.18663097518663355,,,,,,,log_loss,-0.24540177504370114,0.8061453547407484,0.4030726773703742,4,0.4862361082829256,0.695543279081501,0.25113850836043716,0.5246305418719212,0.6942451798769061,0.25050868614892596,0.5336617405582923
WEGE3.SA,classification,5,logistic,logistic,1218,0.7005643866489433,0.7001800297573276,0.05486389244736875,,,,,,,log_loss,-0.15360377300848216,0.8779221618186541,0.43896108090932706,4,0.4862361082829256,0.7005643866489433,0.2536136517513541,0.5123152709359606,0.7001800297573276,0.25345203631336377,0.5188834154351396
AAPL,regression,10,ridge,ridge,1226,0.0551032787191997,0.054326673856823486,1.4093623472637735,0.0551032787191997,0.044020647741998764,0.5758564437194127,0.054326673856823486,0.04335865860416627,0.567699836867863,mse,-1.3854596933048293,0.165911949121063,0.08295597456053155,9,0.2765199152017718,,,,,,
BOVA11.SA,regression,10,ridge,ridge,1217,0.037316271809381324,0.03656271196880263,2.019386728738656,0.037316271809381324,0.029003688376293038,0.4913722267871816,0.03656271196880263,0.02873577909034297,0.514379622021364,mse,-2.0403359202877693,0.04131687947445428,0.020658439737227197,9,0.2025287039638271,,,,,,
ITUB4.SA,regression,10,ridge,ridge,1219,0.05040586556915635,0.049910525766718415,0.9827027010543677,0.05040586556915635,0.039798176319287774,0.5118949958982772,0.049910525766718415,0.03954900600428952,0.5578342904019689,mse,-0.9055866289801264,0.3651546886227526,0.1825773443113763,9,0.29878701996766216,,,,,,
JPM,regression,10,ridge,ridge,1225,0.049583977653012784,0.049104028626796345,0.9679518443943893,0.049583977653012784,0.038882067437611086,0.5240816326530612,0.049104028626796345,0.03808984676474887,0.5820408163265306,mse,-0.8093709129534548,0.41830182795472703,0.20915091397736352,9,0.29878701996766216,,,,,,
MSFT,regression,10,ridge,ridge,1226,0.056011593330007894,0.05531538504178159,1.2429717614430333,0.056011593330007894,0.042095544464305794,0.533442088091354,0.05531538504178159,0.04144452472053881,0.5375203915171288,mse,-1.0589780339452821,0.28960978365044787,0.14480489182522394,9,0.29878701996766216,,,,,,
NVDA,regression,10,ridge,ridge,1226,0.10231047195215227,0.10233039137799614,-0.019469586508390906,0.10231047195215227,0.07997825683377059,0.566884176182708,0.10233039137799614,0.0801500575158542,0.5685154975530179,mse,0.021086961461371696,0.9831762858302646,0.5084118570848677,9,0.5084118570848677,,,,,,
PETR4.SA,regression,10,ridge,ridge,1219,0.06899141729922192,0.0683938625525503,0.8661291071612274,0.06899141729922192,0.05305285472037085,0.5561936013125512,0.0683938625525503,0.05330945965147746,0.5726004922067268,mse,-0.8169979677586846,0.4139295894213586,0.2069647947106793,9,0.29878701996766216,,,,,,
SPY,regression,10,ridge,ridge,1226,0.03160566166439991,0.03139705930217924,0.6600158048759932,0.03160566166439991,0.024232924277725387,0.5840130505709625,0.03139705930217924,0.02385897231734401,0.5962479608482871,mse,-0.6863981158537579,0.4924620922937093,0.2462310461468547,9,0.30778880768356837,,,,,,
VALE3.SA,regression,10,ridge,ridge,1218,0.05801762342017372,0.05778271686658776,0.4048882731454332,0.05801762342017372,0.04569407945511443,0.5172413793103449,0.05778271686658776,0.04555890389327202,0.5295566502463054,mse,-0.42570305842243217,0.6703242331873311,0.3351621165936655,9,0.3724023517707395,,,,,,
WEGE3.SA,regression,10,ridge,ridge,1218,0.061447155758701265,0.060269245355571155,1.9169486180217725,0.061447155758701265,0.048634875188146555,0.49589490968801314,0.060269245355571155,0.047746738247158915,0.5041050903119869,mse,-1.7448471348601684,0.08101148158553073,0.04050574079276542,9,0.2025287039638271,,,,,,
AAPL,classification,10,logistic,logistic,1226,0.705840895601236,0.6872791372711703,2.6297368777782077,,,,,,,log_loss,-2.1198878458421864,0.03401550462818825,0.01700775231409407,9,0.08903259206607866,0.705840895601236,0.25539178171640575,0.5522022838499184,0.6872791372711703,0.24696635728721691,0.5709624796084829
BOVA11.SA,classification,10,logistic,logistic,1217,0.7022394298010199,0.7003465716357509,0.2695459817466268,,,,,,,log_loss,-0.19545376452539948,0.8450377301247314,0.42251886506236563,9,0.6035983786605224,0.7022394298010199,0.2544125491049621,0.5061626951520132,0.7003465716357509,0.25350336812381064,0.5258833196384552
ITUB4.SA,classification,10,logistic,logistic,1219,0.6924480100040122,0.6923228723170487,0.018071780863781226,,,,,,,log_loss,-0.012252389625242114,0.9902242520766162,0.4951121260383082,9,0.6188901575478852,0.6924480100040122,0.2496148328954931,0.5217391304347826,0.6923228723170487,0.2494188934143192,0.55701394585726
JPM,classification,10,logistic,logistic,1225,0.6904296126281821,0.6825387157325987,1.14289664742884,,,,,,,log_loss,-0.8222595239555855,0.4109292078646023,0.2054646039323011,9,0.4109292078646022,0.6904296126281821,0.2485915018133192,0.5314285714285715,0.6825387157325987,0.24465890955733588,0.5828571428571429
MSFT,classification,10,logistic,logistic,1226,0.725124789505337,0.695678190632419,4.060900868249972,,,,,,,log_loss,-2.101318272174037,0.035613036826431355,0.017806518413215733,9,0.08903259206607866,0.725124789505337,0.26291962542322067,0.5489396411092985,0.695678190632419,0.25115397410634455,0.5432300163132137
NVDA,classification,10,logistic,logistic,1226,0.6927433233754551,0.6957043982168286,-0.42744184483012077,,,,,,,log_loss,0.36156105472637556,0.7176800721656886,0.6411599639171557,9,0.7123999599079508,0.6927433233754551,0.2493082216323759,0.5636215334420881,0.6957043982168286,0.2507794695257509,0.5815660685154975
PETR4.SA,classification,10,logistic,logistic,1219,0.6907423263514818,0.6837302771745689,1.015146880306396,,,,,,,log_loss,-0.5279016220650165,0.5975676188308472,0.2987838094154236,9,0.4979730156923727,0.6907423263514818,0.24835507219559358,0.5520918785890074,0.6837302771745689,0.24524594644930903,0.5816242821985234
SPY,classification,10,logistic,logistic,1226,0.6815707175392893,0.6696286573699614,1.7521380924994874,,,,,,,log_loss,-0.9929672132487105,0.32072593266900506,0.16036296633450253,9,0.4109292078646022,0.6815707175392893,0.2435128172236469,0.6125611745513866,0.6696286573699614,0.23831972609526275,0.6141924959216966
VALE3.SA,classification,10,logistic,logistic,1218,0.7098350487278126,0.7019206480185433,1.114963359931821,,,,,,,log_loss,-0.8552170422302824,0.3924310032353242,0.19621550161766216,9,0.4109292078646022,0.7098350487278126,0.25823605313108194,0.4720853858784893,0.7019206480185433,0.2542119183228098,0.5254515599343186
WEGE3.SA,classification,10,logistic,logistic,1218,0.7013343374448728,0.707531821134567,-0.8836703635919347,,,,,,,log_loss,1.068174499611285,0.28544180527774055,0.8572790973611297,9,0.8572790973611297,0.7013343374448728,0.2538864349681924,0.5238095238095238,0.707531821134567,0.2569907948261177,0.5213464696223317
AAPL,regression,20,ridge,ridge,1226,0.07533985902120306,0.07436375722587339,1.2955981176643345,0.07533985902120306,0.061349144838988734,0.5929853181076672,0.07436375722587339,0.060573803518067265,0.5954323001631321,mse,-0.8636609339753637,0.38777418006141784,0.19388709003070892,19,0.276981557186727,,,,,,
BOVA11.SA,regression,20,ridge,ridge,1217,0.05322661251706681,0.052018033124399496,2.270629926486102,0.05322661251706681,0.04221124888716538,0.48233360723089563,0.052018033124399496,0.04150511841666982,0.5349219391947412,mse,-1.3925064065746586,0.16376910297806058,0.08188455148903029,19,0.2729485049634343,,,,,,
ITUB4.SA,regression,20,ridge,ridge,1219,0.07574999982208404,0.07415652329896492,2.1035993753950533,0.07574999982208404,0.06143655056971436,0.5151763740771124,0.07415652329896492,0.05983019000797353,0.5898277276456112,mse,-0.9252461661735619,0.35483787431144886,0.1774189371557245,19,0.276981557186727,,,,,,
JPM,regression,20,ridge,ridge,1225,0.06679156117017494,0.06657784442050493,0.3199756764563279,0.06679156117017494,0.05384800241458365,0.590204081632653,0.06657784442050493,0.05349626661603437,0.5991836734693877,mse,-0.20496734676200637,0.8375976368870353,0.4187988184435177,19,0.4653320204927975,,,,,,
MSFT,regression,20,ridge,ridge,1226,0.07898333854580807,0.0765250378720601,3.112429430065465,0.07898333854580807,0.06183381691197835,0.5252854812398042,0.0765250378720601,0.05935161328893357,0.5285481239804242,mse,-1.6235572077634384,0.10447034456261894,0.05223517228130953,19,0.2729485049634343,,,,,,
NVDA,regression,20,ridge,ridge,1226,0.15285888516330692,0.1530049725479715,-0.09557009689590146,0.15285888516330692,0.11729526206734728,0.6141924959216966,0.1530049725479715,0.1168080577908227,0.6223491027732463,mse,0.07411246545918568,0.9409208965381446,0.5295395517309277,19,0.5295395517309277,,,,,,
PETR4.SA,regression,20,ridge,ridge,1219,0.10040185463623165,0.09826824922919028,2.1250657318748605,0.10040185463623165,0.07544236696789036,0.5988515176374077,0.09826824922919028,0.07561280471508494,0.6218211648892535,mse,-1.0948442155775786,0.2735848917472383,0.13679244587361922,19,0.276981557186727,,,,,,
SPY,regression,20,ridge,ridge,1226,0.04377991354916482,0.043384078017652775,0.9041487280862802,0.04377991354916482,0.0346832694948133,0.6288743882544862,0.043384078017652775,0.03388105293968466,0.6517128874388255,mse,-0.6556188380953485,0.5120694016351985,0.25603470081759927,19,0.32004337602199906,,,,,,
VALE3.SA,regression,20,ridge,ridge,1218,0.08216003420757642,0.08102824947405017,1.3775368333791205,0.08216003420757642,0.06566497881230565,0.48357963875205257,0.08102824947405017,0.06489742647802728,0.5295566502463054,mse,-0.9784081083682256,0.32787251950304963,0.16393625975152487,19,0.276981557186727,,,,,,
WEGE3.SA,regression,20,ridge,ridge,1218,0.08933759577563188,0.08577307454584913,3.9899453291030067,0.08933759577563188,0.07157244278092612,0.5221674876847291,0.08577307454584913,0.06785016086089378,0.5229885057471264,mse,-1.5918493661460076,0.11141855487817387,0.055709277439086935,19,0.2729485049634343,,,,,,
AAPL,classification,20,logistic,logistic,1226,0.7067486001494069,0.6837829608931827,3.2494778555442836,,,,,,,log_loss,-1.6770626761311431,0.09353022637774577,0.04676511318887294,19,0.2338255659443647,0.7067486001494069,0.2543776910347399,0.5921696574225123,0.6837829608931827,0.24503377302913318,0.5954323001631321
BOVA11.SA,classification,20,logistic,logistic,1217,0.7139573634322645,0.7005219568031293,1.8818219850756925,,,,,,,log_loss,-0.9408893596708439,0.34676156091941346,0.17338078045970673,19,0.3189525000967896,0.7139573634322645,0.2599364060347311,0.48890714872637636,0.7005219568031293,0.253471926633051,0.5406737880032868
ITUB4.SA,classification,20,logistic,logistic,1219,0.6958962022428018,0.685999061213492,1.4222151230905362,,,,,,,log_loss,-0.48936050479244536,0.6245864923415332,0.31229324617076665,19,0.417423127355191,0.6958962022428018,0.2513054915179386,0.5438884331419196,0.685999061213492,0.24584979735458617,0.5898277276456112
JPM,classification,20,logistic,logistic,1225,0.6885729327090596,0.6860837221540748,0.3615028178920029,,,,,,,log_loss,-0.3168444566467508,0.7513616292393439,0.3756808146196719,19,0.417423127355191,0.6885729327090596,0.2473911670548644,0.5893877551020408,0.6860837221540748,0.24605608271663976,0.5991836734693877
MSFT,classification,20,logistic,logistic,1226,0.7788209503431153,0.7106715706974954,8.750326967398108,,,,,,,log_loss,-2.4671675510004634,0.013618661643104879,0.0068093308215524395,19,0.0680933082155244,0.7788209503431153,0.28209346845613414,0.5220228384991843,0.7106715706974954,0.25825143019795105,0.5285481239804242
NVDA,classification,20,logistic,logistic,1226,0.687467518200447,0.6889238506538268,-0.21184018369215515,,,,,,,log_loss,0.09150160515171503,0.9270940308619355,0.5364529845690322,19,0.5364529845690322,0.687467518200447,0.2443876565253205,0.6190864600326265,0.6889238506538268,0.2467431348910783,0.6215334420880914
PETR4.SA,classification,20,logistic,logistic,1219,0.6704675586564005,0.6601364459670839,1.5408818153737245,,,,,,,log_loss,-0.4237334849481166,0.671760191899921,0.3358800959499605,19,0.417423127355191,0.6704675586564005,0.23791884168628621,0.593929450369155,0.6601364459670839,0.23379482075349103,0.6218211648892535
SPY,classification,20,logistic,logistic,1226,0.6778724201267273,0.6568158373839039,3.1062751806434172,,,,,,,log_loss,-1.0156921934422944,0.3097759866575549,0.1548879933287775,19,0.3189525000967896,0.6778724201267273,0.23928568248090962,0.6549755301794453,0.6568158373839039,0.23189574151822295,0.6549755301794453
VALE3.SA,classification,20,logistic,logistic,1218,0.7407278367849345,0.7080779851418196,4.407806757314363,,,,,,,log_loss,-1.1523234463959868,0.24918818571899237,0.12459409285949613,19,0.3189525000967896,0.7407278367849345,0.2722473171717096,0.451559934318555,0.7080779851418196,0.25707040797254804,0.5295566502463054
WEGE3.SA,classification,20,logistic,logistic,1218,0.7242713707280779,0.715477151316415,1.2142160752291615,,,,,,,log_loss,-0.8728533794484121,0.3827430001161476,0.19137150005807374,19,0.3189525000967896,0.7242713707280779,0.2642819753733804,0.5246305418719212,0.715477151316415,0.2605668928475509,0.5238095238095238
